Company Name,Percent Change
3M COMPANY (XNYS:MMM),0.22%
A. O. SMITH CORPORATION (XNYS:AOS),-0.51%
ABBOTT LABORATORIES (XNYS:ABT),0.91%
ABBVIE INC. (XNYS:ABBV),0.49%
ACCENTURE PUBLIC LIMITED COMPANY (XNYS:ACN),0.27%
"ACTIVISION BLIZZARD, INC. (XNAS:ATVI)",0.08%
ARCHER-DANIELS-MIDLAND COMPANY. (XNYS:ADM),-0.65%
ADOBE INC. (XNAS:ADBE),-0.05%
"AUTOMATIC DATA PROCESSING, INC. (XNAS:ADP)",1.21%
"ADVANCE AUTO PARTS, INC. (XNYS:AAP)",0.61%
THE AES CORPORATION (XNYS:AES),0.60%
AFLAC INCORPORATED (XNYS:AFL),0.14%
"AGILENT TECHNOLOGIES, INC. (XNYS:A)",-0.56%
"AIR PRODUCTS AND CHEMICALS, INC. (XNYS:APD)",-0.54%
"AKAMAI TECHNOLOGIES, INC. (XNAS:AKAM)",1.16%
"ALASKA AIR GROUP, INC. (XNYS:ALK)",1.82%
ALBEMARLE CORPORATION (XNYS:ALB),-0.77%
"ALEXANDRIA REAL ESTATE EQUITIES, INC. (XNYS:ARE)",0.24%
"ALIGN TECHNOLOGY, INC. (XNAS:ALGN)",1.95%
ALLEGION PUBLIC LIMITED COMPANY (XNYS:ALLE),0.20%
ALLIANT ENERGY CORPORATION (XNAS:LNT),-0.05%
THE ALLSTATE CORPORATION (XNYS:ALL PR B),0.14%
ALPHABET INC. (XNAS:GOOGL),2.57%
ALPHABET INC. (XNAS:GOOG),2.58%
"Altria Group, Inc. (XNYS:MO)",-0.01%
"AMAZON.COM, INC. (XNAS:AMZN)",0.53%
Amcor plc (XNYS:AMCR),-0.57%
"ADVANCED MICRO DEVICES, INC. (XNAS:AMD)",-0.10%
AMEREN CORPORATION (XNYS:AEE),0.13%
AMERICAN AIRLINES GROUP INC. (XNAS:AAL),2.05%
"AMERICAN ELECTRIC POWER COMPANY, INC. (XNAS:AEP)",0.07%
AMERICAN EXPRESS COMPANY (XNYS:AXP),-0.56%
"AMERICAN INTERNATIONAL GROUP, INC. (XNYS:AIG)",1.86%
AMERICAN TOWER CORPORATION (XNYS:AMT),0.92%
"AMERICAN WATER WORKS COMPANY, INC. (XNYS:AWK)",0.91%
Amplifon SpA (XWBO:AMP),#FIELD!
AMERISOURCEBERGEN CORPORATION (XWBO:ABC),-0.33%
"AMETEK, INC. (XNYS:AME)",0.11%
AMGEN INC. (XNAS:AMGN),0.64%
AMPHENOL CORPORATION (XNYS:APH),-0.29%
"ANALOG DEVICES, INC. (XNAS:ADI)",-0.78%
"ANSYS, INC. (XNAS:ANSS)",-0.44%
Aon plc (XNYS:AON),0.03%
APA CORPORATION (XNAS:APA),1.17%
APPLE INC. (XNAS:AAPL),0.62%
"APPLIED MATERIALS, INC. (XNAS:AMAT)",-2.07%
APTIV PLC (XNYS:APTV),-1.39%
ARCH CAPITAL GROUP LTD. (XNAS:ACGL),0.28%
"ARISTA NETWORKS, INC. (XNYS:ANET)",-1.24%
ARTHUR J. GALLAGHER & CO. (XNYS:AJG),0.73%
"ASSURANT, INC. (XNYS:AIZ)",-0.29%
AT&T INC. (XNYS:T),0.17%
ATMOS ENERGY CORPORATION (XNYS:ATO),-0.37%
"AUTODESK, INC. (XNAS:ADSK)",0.24%
"AUTOZONE, INC. (XNYS:AZO)",0.62%
"AVALONBAY COMMUNITIES, INC. (XNYS:AVB)",0.55%
AVERY DENNISON CORPORATION (XNYS:AVY),0.18%
BAKER HUGHES COMPANY (XNAS:BKR),-1.38%
BALL CORPORATION (XNYS:BALL),-0.87%
BANK OF AMERICA CORPORATION (XNYS:BAC),1.09%
"BATH & BODY WORKS, INC. (XNYS:BBWI)",-0.34%
BAXTER INTERNATIONAL INC. (XNYS:BAX),-0.02%
"BECTON, DICKINSON AND COMPANY (XNYS:BDX)",1.14%
W. R. BERKLEY CORPORATION (XNYS:WRB),0.62%
"BERKSHIRE HATHAWAY INC., (XNYS:BRK.B)",0.57%
"Best Buy Co., Inc. (XNYS:BBY)",-0.70%
"BIO-RAD LABORATORIES, INC. (XNYS:BIO)",0.14%
BIO-TECHNE CORPORATION (XNAS:TECH),1.55%
BIOGEN INC. (XNAS:BIIB),0.93%
"BLACKROCK, INC. (XNYS:BLK)",0.15%
THE BANK OF NEW YORK MELLON CORPORATION (XNYS:BK),0.38%
THE BOEING COMPANY (XNYS:BA),-0.19%
BOOKING HOLDINGS INC. (XNAS:BKNG),-0.84%
BORGWARNER INC. (XNYS:BWA),-0.69%
"BOSTON PROPERTIES, INC. (XNYS:BXP)",1.03%
BOSTON SCIENTIFIC CORPORATION (XNYS:BSX),-1.14%
BRISTOL-MYERS SQUIBB COMPANY (XNYS:BMY),2.51%
Broadcom Inc. (XNAS:AVGO),-0.26%
"BROADRIDGE FINANCIAL SOLUTIONS, INC. (XNYS:BR)",-0.37%
"BROWN & BROWN, INC. (XNYS:BRO)",0.14%
BROWN-FORMAN CORPORATION (XNYS:BF.B),-0.33%
BUNGE LIMITED (XNYS:BG),0.62%
"C.H. ROBINSON WORLDWIDE, INC. (XNAS:CHRW)",-0.10%
"CADENCE DESIGN SYSTEMS, INC. (XNAS:CDNS)",0.62%
"CAESARS ENTERTAINMENT, INC. (XNAS:CZR)",-0.56%
CAMDEN PROPERTY TRUST (XNYS:CPT),0.43%
CAMPBELL SOUP COMPANY (XNYS:CPB),-0.14%
CAPITAL ONE FINANCIAL CORPORATION (XNYS:COF),0.88%
"CARDINAL HEALTH, INC. (XNYS:CAH)",-0.02%
"CARMAX, INC. (XNYS:KMX)",3.26%
Carnival Corp (XNYS:CCL),2.23%
CARRIER GLOBAL CORPORATION (XNYS:CARR),-0.25%
"Catalent, Inc. (XNYS:CTLT)",3.20%
CATERPILLAR INC. (XNYS:CAT),-1.24%
"Cboe Global Markets, Inc. (BATS:CBOE)",0.66%
"CBRE GROUP, INC. (XNYS:CBRE)",0.43%
CDW CORPORATION (XNAS:CDW),-0.61%
CELANESE CORPORATION (XNYS:CE),-0.58%
CENTENE CORPORATION (XNYS:CNC),0.72%
"CENTERPOINT ENERGY, INC. (XNYS:CNP)",0.36%
CERIDIAN HCM HOLDING INC. (XNYS:CDAY),-0.52%
"CF INDUSTRIES HOLDINGS, INC. (XNYS:CF)",-1.04%
"CHARLES RIVER LABORATORIES INTERNATIONAL, INC. (XNYS:CRL)",-0.78%
THE CHARLES SCHWAB CORPORATION (XNYS:SCHW),0.88%
"CHARTER COMMUNICATIONS, INC. (XNAS:CHTR)",0.33%
CHEVRON CORPORATION (XNYS:CVX),-0.87%
"CHIPOTLE MEXICAN GRILL, INC. (XNYS:CMG)",-0.35%
Chubb Ltd (XNYS:CB),0.35%
"CHURCH & DWIGHT CO., INC. (XNYS:CHD)",0.75%
The Cigna Group (XNYS:CI),-0.06%
CINCINNATI FINANCIAL CORPORATION (XNAS:CINF),0.19%
CINTAS CORPORATION (XNAS:CTAS),0.13%
"CISCO SYSTEMS, INC. (XNAS:CSCO)",-0.52%
CITIGROUP INC. (XNYS:C),0.61%
"CITIZENS FINANCIAL GROUP, INC. (XNYS:CFG)",2.71%
THE CLOROX COMPANY (XNYS:CLX),0.43%
CME GROUP INC. (XNAS:CME),-0.51%
CMS ENERGY CORPORATION (XNYS:CMS),0.02%
THE COCA-COLA COMPANY (XNYS:KO),-0.13%
COGNIZANT TECHNOLOGY SOLUTIONS CORPORATION (XNAS:CTSH),0.35%
COLGATE-PALMOLIVE COMPANY (XNYS:CL),-0.11%
COMCAST CORPORATION (XNAS:CMCSA),-0.13%
COMERICA INCORPORATED (XNYS:CMA),4.33%
"CONAGRA BRANDS, INC. (XNYS:CAG)",-0.08%
CONOCOPHILLIPS (XNYS:COP),-0.16%
"CONSOLIDATED EDISON, INC. (XNYS:ED)",-0.29%
"CONSTELLATION BRANDS, INC. (XNYS:STZ)",1.08%
CONSTELLATION ENERGY CORPORATION. (XNAS:CEG),0.20%
"THE COOPER COMPANIES, INC. (XNYS:COO)",-1.12%
"COPART, INC. (XNAS:CPRT)",-0.24%
CORNING INCORPORATED (XNYS:GLW),0.00%
"CORTEVA, INC. (XNYS:CTVA)",-1.92%
"COSTAR GROUP, INC. (XNAS:CSGP)",0.80%
COSTCO WHOLESALE CORPORATION (XNAS:COST),-2.01%
Coterra Energy Inc. (XNYS:CTRA),-0.51%
CROWN CASTLE INC. (XNYS:CCI),0.61%
Clean Seed Capital Group Ltd. (XTSX:CSX),0.00%
CUMMINS INC. (XNYS:CMI),0.22%
CVS HEALTH CORPORATION (XNYS:CVS),0.60%
"D.R. HORTON, INC. (XNYS:DHI)",-1.31%
DANAHER CORPORATION (XNYS:DHR),-0.62%
"DARDEN RESTAURANTS, INC. (XNYS:DRI)",-1.00%
DAVITA INC. (XNYS:DVA),-0.39%
DEERE & COMPANY (XNYS:DE),-0.67%
"DELTA AIR LINES, INC. (XNYS:DAL)",1.00%
DENTSPLY SIRONA INC. (XNAS:XRAY),0.84%
DEVON ENERGY CORPORATION (XNYS:DVN),-0.24%
"DEXCOM, INC. (XNAS:DXCM)",-0.55%
"DIAMONDBACK ENERGY, INC. (XNAS:FANG)",-0.74%
"DIGITAL REALTY TRUST, INC. (XNYS:DLR)",-0.01%
DISCOVER FINANCIAL SERVICES (XNYS:DFS),0.55%
DISH NETWORK CORPORATION (XNAS:DISH),7.09%
THE WALT DISNEY COMPANY (XNYS:DIS),0.27%
DOLLAR GENERAL CORPORATION (XNYS:DG),0.29%
"DOLLAR TREE, INC. (XNAS:DLTR)",0.09%
"Dominion Energy, Inc. (XNYS:D)",0.35%
"DOMINO'S PIZZA, INC. (XNYS:DPZ)",0.68%
DOVER CORPORATION (XNYS:DOV),-0.38%
Dow Inc. (XNYS:DOW),0.07%
DTE ENERGY COMPANY (XNYS:DTE),1.13%
DUKE ENERGY CORPORATION (XNYS:DUK),0.28%
"DuPont de Nemours, Inc. (XNYS:DD)",-1.15%
DXC TECHNOLOGY COMPANY (XNYS:DXC),0.24%
EASTMAN CHEMICAL COMPANY (XNYS:EMN),-1.05%
EATON CORPORATION PUBLIC LIMITED COMPANY (XNYS:ETN),-1.05%
EBAY INC. (XNAS:EBAY),-0.06%
ECOLAB INC. (XNYS:ECL),0.21%
EDISON INTERNATIONAL (XNYS:EIX),0.06%
EDWARDS LIFESCIENCES CORPORATION (XNYS:EW),-0.04%
ELECTRONIC ARTS INC. (XNAS:EA),-0.18%
"ELEVANCE HEALTH, INC. (XNYS:ELV)",0.04%
ELI LILLY AND COMPANY (XNYS:LLY),1.43%
EMERSON ELECTRIC CO. (XNYS:EMR),0.22%
"ENPHASE ENERGY, INC. (XLON:0QYE)",#FIELD!
ENTERGY CORPORATION (XNYS:ETR),-0.33%
"EOG RESOURCES, INC. (XNYS:EOG)",-0.36%
"EPAM SYSTEMS, INC. (XNYS:EPAM)",0.59%
EQT CORPORATION (XNYS:EQT),-0.43%
EQUIFAX INC. (XNYS:EFX),-0.67%
"EQUINIX, INC. (XNAS:EQIX)",0.45%
EQUITY RESIDENTIAL (XNYS:EQR),0.42%
"ESSEX PROPERTY TRUST, INC. (XNYS:ESS)",-0.14%
THE ESTEE LAUDER COMPANIES INC. (XNYS:EL),0.84%
"ETSY, INC. (XNAS:ETSY)",-0.79%
"EVEREST RE GROUP, LTD. (XNYS:RE)",0.28%
"Evergy, Inc. (XNAS:EVRG)",0.07%
Eversource Energy (XNYS:ES),-0.07%
EXELON CORPORATION (XNAS:EXC),-0.01%
"EXPEDIA GROUP, INC. (XNAS:EXPE)",0.95%
"EXPEDITORS INTERNATIONAL OF WASHINGTON, INC (XNAS:EXPD)",-0.02%
EXTRA SPACE STORAGE INC. (XNYS:EXR),0.49%
EXXON MOBIL CORPORATION (XNYS:XOM),-0.50%
"F5, INC. (XNAS:FFIV)",0.05%
FACTSET RESEARCH SYSTEMS INC. (XNYS:FDS),0.73%
FAIR ISAAC CORPORATION (XNYS:FICO),-0.22%
Fastenal Company (XNAS:FAST),0.51%
FEDERAL REALTY INVESTMENT TRUST (XNYS:FRT),-0.01%
FEDEX CORPORATION (XNYS:FDX),1.62%
FIFTH THIRD BANCORP (XNAS:FITB),2.50%
FIRST REPUBLIC BANK (XNYS:FRC),4.55%
"FIRST SOLAR, INC. (XNAS:FSLR)",0.05%
FIRSTENERGY CORP. (XNYS:FE),-0.08%
"FIDELITY NATIONAL INFORMATION SERVICES, INC. (XNYS:FIS)",2.35%
"FISERV, INC. (XNAS:FISV)",0.82%
"FLEETCOR TECHNOLOGIES, INC. (XNYS:FLT)",0.60%
FMC CORPORATION (XNYS:FMC),-3.97%
FORD MOTOR COMPANY (XNYS:F),-0.07%
"FORTINET, INC. (XNAS:FTNT)",-0.17%
FORTIVE CORPORATION (XNYS:FTV),-0.36%
FOX CORPORATION (XNAS:FOXA),-0.58%
FOX CORPORATION (XNAS:FOX),-0.60%
"FRANKLIN RESOURCES, INC. (XNYS:BEN)",0.28%
FREEPORT-MCMORAN INC. (XNYS:FCX),0.04%
Garmin Ltd (XNYS:GRMN),0.20%
"GARTNER, INC. (XNYS:IT)",0.10%
GE HealthCare Technologies Inc. (XNAS:GEHC),-0.70%
GEN DIGITAL INC. (XNAS:GEN),0.49%
GENERAC HOLDINGS INC. (XNYS:GNRC),-0.07%
GENERAL DYNAMICS CORPORATION (XNYS:GD),-0.62%
GENERAL ELECTRIC COMPANY (XNYS:GE),-0.31%
"GENERAL MILLS, INC. (XNYS:GIS)",0.16%
GENERAL MOTORS COMPANY (XNYS:GM),-0.94%
GENUINE PARTS COMPANY (XNYS:GPC),-0.14%
"GILEAD SCIENCES, INC. (XNAS:GILD)",0.47%
GLOBE LIFE INC. (XNYS:GL),0.21%
GLOBAL PAYMENTS INC. (XNYS:GPN),0.80%
"THE GOLDMAN SACHS GROUP, INC. (XNYS:GS)",0.51%
HALLIBURTON COMPANY (XNYS:HAL),-0.74%
"THE HARTFORD FINANCIAL SERVICES GROUP, INC. (XNYS:HIG)",1.08%
"Hasbro, Inc. (XNAS:HAS)",0.44%
"HCA HEALTHCARE, INC. (XNYS:HCA)",0.18%
"HEALTHPEAK PROPERTIES, INC. (XNYS:PEAK)",-0.37%
"HENRY SCHEIN, INC. (XNAS:HSIC)",0.15%
THE HERSHEY COMPANY (XNYS:HSY),0.02%
HESS CORPORATION (XNYS:HES),-0.34%
HEWLETT PACKARD ENTERPRISE COMPANY (XNYS:HPE),0.25%
HILTON WORLDWIDE HOLDINGS INC. (XNYS:HLT),0.89%
"HOLOGIC, INC. (XNAS:HOLX)",0.61%
"THE HOME DEPOT, INC. (XNYS:HD)",0.34%
HONEYWELL INTERNATIONAL INC. (XNAS:HON),1.14%
HORMEL FOODS CORPORATION (XNYS:HRL),-0.42%
"HOST HOTELS & RESORTS, INC. (XNAS:HST)",0.34%
HOWMET AEROSPACE INC. (XNYS:HWM),-0.44%
HP INC. (XNYS:HPQ),0.36%
HUMANA INC. (XNYS:HUM),0.95%
HUNTINGTON BANCSHARES INCORPORATED (XNAS:HBAN),2.13%
"HUNTINGTON INGALLS INDUSTRIES, INC. (XNYS:HII)",-0.13%
INTERNATIONAL BUSINESS MACHINES CORPORATION (XNYS:IBM),-0.97%
IDEX CORPORATION (XNYS:IEX),-0.52%
"IDEXX LABORATORIES, INC. (XNAS:IDXX)",-0.52%
ILLINOIS TOOL WORKS INC. (XNYS:ITW),-0.72%
"ILLUMINA, INC. (XNAS:ILMN)",-0.28%
INCYTE CORPORATION (XNAS:INCY),2.74%
INGERSOLL RAND INC. (XNYS:IR),-0.45%
INSULET CORPORATION (XNAS:PODD),0.11%
INTEL CORPORATION (XNAS:INTC),0.34%
"INTERCONTINENTAL EXCHANGE, INC. (XNYS:ICE)",1.14%
INTERNATIONAL FLAVORS & FRAGRANCES INC. (XNYS:IFF),0.86%
INTERNATIONAL PAPER COMPANY (XNYS:IP),0.68%
"THE INTERPUBLIC GROUP OF COMPANIES, INC. (XNYS:IPG)",0.20%
INTUIT INC. (XNAS:INTU),1.55%
"INTUITIVE SURGICAL, INC. (XNAS:ISRG)",-0.17%
INVESCO LTD. (XNYS:IVZ),1.30%
INVITATION HOMES INC. (XNYS:INVH),0.96%
IQVIA HOLDINGS INC (XNYS:IQV),-0.91%
IRON MOUNTAIN INCORPORATED (XNYS:IRM),0.58%
"J. B. HUNT TRANSPORT SERVICES, INC. (XNAS:JBHT)",0.17%
"JACK HENRY & ASSOCIATES, INC. (XNAS:JKHY)",1.25%
JACOBS SOLUTIONS INC. (XNYS:J),0.23%
JOHNSON & JOHNSON (XNYS:JNJ),0.03%
JOHNSON CONTROLS INTERNATIONAL PLC (XNYS:JCI),-0.33%
JPMORGAN CHASE & CO. (XNYS:JPM),0.22%
"JUNIPER NETWORKS, INC. (XNYS:JNPR)",-1.84%
KELLOGG COMPANY (XNYS:K),-0.09%
KEURIG DR PEPPER INC. (XNAS:KDP),1.26%
KEYCORP (XNYS:KEY),4.46%
"KEYSIGHT TECHNOLOGIES, INC. (XNYS:KEYS)",0.31%
KIMBERLY-CLARK CORPORATION (XNYS:KMB),0.37%
KIMCO REALTY CORPORATION. (XNYS:KIM),-0.31%
"KINDER MORGAN, INC. (XNYS:KMI)",0.20%
KLA Corporation (XNAS:KLAC),-1.00%
THE KRAFT HEINZ COMPANY (XNAS:KHC),0.23%
THE KROGER CO. (XNYS:KR),0.62%
"L3HARRIS TECHNOLOGIES, INC. (XNYS:LHX)",-0.14%
LABORATORY CORPORATION OF AMERICA HOLDINGS (XNYS:LH),-0.12%
LAM RESEARCH CORPORATION (XNAS:LRCX),0.14%
"LAMB WESTON HOLDINGS, INC. (XNYS:LW)",2.42%
LAS VEGAS SANDS CORP. (XNYS:LVS),-0.60%
"LEIDOS HOLDINGS, INC. (XNYS:LDOS)",-0.25%
LENNAR CORPORATION (XNYS:LEN),-0.81%
LINCOLN NATIONAL CORPORATION (XNYS:LNC),0.46%
LINDE PUBLIC LIMITED COMPANY (XNYS:LIN),-0.01%
"LIVE NATION ENTERTAINMENT, INC. (XNYS:LYV)",0.41%
LKQ CORPORATION (XNAS:LKQ),0.37%
LOCKHEED MARTIN CORPORATION (XNYS:LMT),0.01%
LOEWS CORPORATION (XNYS:L),0.14%
"LOWE'S COMPANIES, INC. (XNYS:LOW)",-0.02%
LyondellBasell Industries NV (XNYS:LYB),0.53%
M&T BANK CORPORATION (XNYS:MTB),0.91%
MARATHON OIL CORPORATION (XNYS:MRO),-0.21%
MARATHON PETROLEUM CORPORATION (XNYS:MPC),-2.35%
MARKETAXESS HOLDINGS INC. (XNAS:MKTX),1.31%
"MARRIOTT INTERNATIONAL, INC. (XNAS:MAR)",0.55%
"MARSH & MCLENNAN COMPANIES, INC. (XNYS:MMC)",0.52%
"MARTIN MARIETTA MATERIALS, INC. (XNYS:MLM)",0.14%
MASCO CORPORATION (XNYS:MAS),-0.04%
MASTERCARD INCORPORATED. (XNYS:MA),-0.84%
"MATCH GROUP, INC. (XNAS:MTCH)",-1.28%
"MCCORMICK & COMPANY, INCORPORATED (XNYS:MKC)",0.60%
MCDONALD'S CORPORATION (XNYS:MCD),0.23%
MCKESSON CORPORATION (XNYS:MCK),-0.41%
MEDTRONIC PUBLIC LIMITED COMPANY (XNYS:MDT),0.41%
"MERCK & CO., INC. (XNYS:MRK)",0.28%
"Meta Platforms, Inc. (XNAS:META)",1.13%
"METLIFE, INC. (XNYS:MET)",1.11%
METTLER-TOLEDO INTERNATIONAL INC. (XNYS:MTD),-1.17%
MGM RESORTS INTERNATIONAL (XNYS:MGM),-0.04%
MICROCHIP TECHNOLOGY INCORPORATED (XNAS:MCHP),-0.03%
"MICRON TECHNOLOGY, INC. (XNAS:MU)",3.51%
MICROSOFT CORPORATION (XNAS:MSFT),1.40%
"MID-AMERICA APARTMENT COMMUNITIES, INC. (XNYS:MAA)",0.47%
"MODERNA, INC. (XNAS:MRNA)",2.65%
"MOHAWK INDUSTRIES, INC. (XNYS:MHK)",0.07%
"MOLINA HEALTHCARE, INC. (XNYS:MOH)",0.13%
MOLSON COORS BEVERAGE COMPANY (XNYS:TAP),-0.19%
"Mondelez International, Inc. (XNAS:MDLZ)",-0.01%
"MONOLITHIC POWER SYSTEMS, INC. (XNAS:MPWR)",0.53%
MONSTER BEVERAGE CORPORATION (XNAS:MNST),0.06%
MOODY'S CORPORATION (XNYS:MCO),-0.91%
MORGAN STANLEY (XNYS:MS),0.64%
THE MOSAIC COMPANY (XNYS:MOS),-4.69%
"MOTOROLA SOLUTIONS, INC. (XNYS:MSI)",-1.23%
MSCI INC. (XNYS:MSCI),-0.38%
"Nasdaq, Inc. (XNAS:NDAQ)",0.62%
"NETAPP, INC. (XNAS:NTAP)",0.88%
"NETFLIX, INC. (XNAS:NFLX)",-1.15%
NEWELL BRANDS INC. (XNAS:NWL),2.03%
NEWMONT CORPORATION (XNYS:NEM),-0.26%
NEWS CORPORATION (XNAS:NWSA),0.26%
NEWS CORPORATION (XNAS:NWS),0.46%
"NEXTERA ENERGY, INC. (XNYS:NEE)",0.13%
"NIKE, INC. (XNYS:NKE)",-0.43%
NISOURCE INC. (XNYS:NI),-0.16%
NORDSON CORPORATION (XNAS:NDSN),-1.02%
NORFOLK SOUTHERN CORPORATION (XNYS:NSC),0.47%
NORTHERN TRUST CORPORATION (XNAS:NTRS),-0.55%
NORTHROP GRUMMAN CORPORATION (XNYS:NOC),-0.07%
NORWEGIAN CRUISE LINE HOLDINGS LTD. (XNYS:NCLH),2.01%
"NRG ENERGY, INC. (XNYS:NRG)",0.99%
NUCOR CORPORATION (XNYS:NUE),0.97%
NVIDIA CORPORATION (XNAS:NVDA),0.16%
"NVR, Inc. (XNYS:NVR)",-0.85%
NXP Semiconductors NV (XNAS:NXPI),-0.76%
"O'Reilly Automotive, Inc. (XNAS:ORLY)",0.41%
OCCIDENTAL PETROLEUM CORPORATION (XNYS:OXY),-1.87%
"OLD DOMINION FREIGHT LINE, INC. (XNAS:ODFL)",1.02%
OMNICOM GROUP INC. (XNYS:OMC),-0.33%
ON SEMICONDUCTOR CORPORATION (XNAS:ON),-0.65%
"ONEOK, INC. (XNYS:OKE)",0.27%
ORACLE CORPORATION (XNYS:ORCL),0.09%
ORGANON & CO. (XNYS:OGN),0.93%
OTIS WORLDWIDE CORPORATION (XNYS:OTIS),-1.05%
PACCAR INC (XNAS:PCAR),0.07%
PACKAGING CORPORATION OF AMERICA (XNYS:PKG),0.77%
PARAMOUNT GLOBAL (XNAS:PARA),2.90%
PARKER-HANNIFIN CORPORATION (XNYS:PH),-0.12%
"PAYCHEX, INC. (XNAS:PAYX)",0.48%
"PAYCOM SOFTWARE, INC. (XNYS:PAYC)",-0.04%
"PAYPAL HOLDINGS, INC. (XNAS:PYPL)",1.77%
PENTAIR PUBLIC LIMITED COMPANY (XNYS:PNR),0.02%
"PEPSICO, INC. (XNAS:PEP)",0.37%
"PERKINELMER, INC. (XNYS:PKI)",0.00%
PFIZER INC. (XNYS:PFE),-0.11%
PG&E CORPORATION (XNYS:PCG),0.79%
Philip Morris International Inc. (XNYS:PM),0.71%
PHILLIPS 66 (XNYS:PSX),-0.77%
PINNACLE WEST CAPITAL CORPORATION (XNYS:PNW),-0.02%
PIONEER NATURAL RESOURCES COMPANY (XNYS:PXD),-0.74%
"THE PNC FINANCIAL SERVICES GROUP, INC. (XNYS:PNC)",1.53%
POOL CORPORATION (XNAS:POOL),1.18%
"PPG INDUSTRIES, INC. (XNYS:PPG)",-0.57%
PPL CORPORATION (XNYS:PPL),-0.11%
"PRINCIPAL FINANCIAL GROUP, INC. (XNAS:PFG)",1.29%
THE PROCTER & GAMBLE COMPANY (XNYS:PG),0.60%
THE PROGRESSIVE CORPORATION (XNYS:PGR),0.41%
"PROLOGIS, INC. (XNYS:PLD)",-0.03%
"PRUDENTIAL FINANCIAL, INC. (XNYS:PRU)",1.29%
PUBLIC SERVICE ENTERPRISE GROUP INCORPORATED (XNYS:PEG),0.13%
PTC INC. (XNAS:PTC),-0.57%
PUBLIC STORAGE (XNYS:PSA),0.28%
"PULTEGROUP, INC. (XNYS:PHM)",-0.56%
"QORVO, INC. (XNAS:QRVO)",0.18%
"QUANTA SERVICES, INC. (XNYS:PWR)",0.47%
QUALCOMM INCORPORATED (XNAS:QCOM),0.23%
QUEST DIAGNOSTICS INCORPORATED (XNYS:DGX),0.45%
RALPH LAUREN CORPORATION (XNYS:RL),-1.82%
"RAYMOND JAMES FINANCIAL, INC. (XNYS:RJF)",-0.30%
RAYTHEON TECHNOLOGIES CORPORATION (XNYS:RTX),-0.30%
REALTY INCOME CORPORATION (XNYS:O),-0.46%
REGENCY CENTERS CORPORATION (XNAS:REG),-0.03%
"REGENERON PHARMACEUTICALS, INC. (XNAS:REGN)",0.63%
REGIONS FINANCIAL CORPORATION (XNYS:RF),1.31%
"REPUBLIC SERVICES, INC. (XNYS:RSG)",-0.07%
RESMED INC. (XNYS:RMD),0.08%
ROBERT HALF INTERNATIONAL INC. (XNYS:RHI),0.13%
"ROCKWELL AUTOMATION, INC. (XNYS:ROK)",0.04%
"ROLLINS, INC. (XNYS:ROL)",0.39%
"ROPER TECHNOLOGIES, INC. (XNYS:ROP)",-0.38%
"ROSS STORES, INC. (XNAS:ROST)",-0.34%
ROYAL CARIBBEAN CRUISES LTD. (XNYS:RCL),-0.01%
S&P Global Inc. (XNYS:SPGI),-0.82%
"SALESFORCE, INC. (XNYS:CRM)",-1.35%
SBA Communications Corporation (XNAS:SBAC),0.31%
Schlumberger N.V. (XNYS:SLB),-1.63%
SEAGATE TECHNOLOGY HOLDINGS PUBLIC LIMITED COMPANY (XNAS:STX),-0.25%
SEEING MACHINES LIMITED (XLON:SEE),2.37%
SEMPRA ENERGY (XNYS:SREA),-0.04%
"SERVICENOW, INC. (XNYS:NOW)",1.03%
THE SHERWIN-WILLIAMS COMPANY (XNYS:SHW),0.40%
"SIMON PROPERTY GROUP, INC. (XNYS:SPG)",-0.16%
"SKYWORKS SOLUTIONS, INC. (XNAS:SWKS)",-0.45%
THE J. M. SMUCKER COMPANY (XNYS:SJM),-0.39%
SNAP-ON INCORPORATED (XNYS:SNA),-0.55%
"SOLAREDGE TECHNOLOGIES, INC. (XNAS:SEDG)",-0.01%
THE SOUTHERN COMPANY (XNYS:SO),0.84%
SOUTHWEST AIRLINES CO. (XNYS:LUV),0.73%
"STANLEY BLACK & DECKER, INC. (XNYS:SWK)",0.01%
STARBUCKS CORPORATION (XNAS:SBUX),0.13%
STATE STREET CORPORATION (XNYS:STT),1.40%
"STEEL DYNAMICS, INC. (XNAS:STLD)",0.31%
STERIS PUBLIC LIMITED COMPANY (XNYS:STE),0.42%
STRYKER CORPORATION (XNYS:SYK),-0.45%
SYNCHRONY FINANCIAL (XNYS:SYF),1.84%
"SYNOPSYS, INC. (XNAS:SNPS)",-0.38%
SYSCO CORPORATION (XNYS:SYY),0.56%
"T-MOBILE US, INC. (XNAS:TMUS)",0.34%
"T. ROWE PRICE GROUP, INC. (XNAS:TROW)",0.19%
"TAKE-TWO INTERACTIVE SOFTWARE, INC. (XNAS:TTWO)",-1.12%
"TAPESTRY, INC. (XNYS:TPR)",-1.38%
TARGA RESOURCES CORP. (XNYS:TRGP),0.21%
TARGET CORPORATION (XNYS:TGT),0.34%
TE Connectivity Ltd (XNYS:TEL),-0.11%
TELEDYNE TECHNOLOGIES INCORPORATED (XNYS:TDY),0.76%
TELEFLEX INCORPORATED (XNYS:TFX),-0.13%
"TERADYNE, INC. (XNAS:TER)",-0.53%
"TESLA, INC. (XNAS:TSLA)",0.36%
TEXAS INSTRUMENTS INCORPORATED (XNAS:TXN),0.91%
TEXTRON INC. (XNYS:TXT),0.03%
THERMO FISHER SCIENTIFIC INC. (XNYS:TMO),-0.86%
"THE TJX COMPANIES, INC. (XNYS:TJX)",0.13%
TRACTOR SUPPLY COMPANY (XNAS:TSCO),0.26%
Trane Technologies plc (XNYS:TT),0.21%
TRANSDIGM GROUP INCORPORATED (XNYS:TDG),0.17%
"The Travelers Companies, Inc. (XNYS:TRV)",0.64%
TRIMBLE INC. (XNAS:TRMB),0.07%
Truist Financial Corporation (XNYS:TFC),2.95%
"TYLER TECHNOLOGIES, INC. (XNYS:TYL)",0.82%
"TYSON FOODS, INC. (XNYS:TSN)",0.22%
U.S. BANCORP (XNYS:USB),2.49%
"UDR, INC. (XNYS:UDR)",0.65%
"ULTA BEAUTY, INC. (XNAS:ULTA)",-1.83%
UNION PACIFIC CORPORATION (XNYS:UNP),1.66%
"UNITED AIRLINES HOLDINGS, INC. (XNAS:UAL)",1.77%
"UNITED PARCEL SERVICE, INC. (XNYS:UPS)",-0.44%
"UNITED RENTALS, INC. (XNYS:URI)",1.79%
UNITEDHEALTH GROUP INCORPORATED (XNYS:UNH),0.31%
"UNIVERSAL HEALTH SERVICES, INC. (XNYS:UHS)",-0.30%
VALERO ENERGY CORPORATION (XNYS:VLO),-1.33%
"VENTAS, INC. (XNYS:VTR)",0.83%
"VERISIGN, INC. (XNAS:VRSN)",-0.30%
"VERISK ANALYTICS, INC. (XNAS:VRSK)",-0.42%
VERIZON COMMUNICATIONS INC. (XNYS:VZ),-0.16%
VERTEX PHARMACEUTICALS INCORPORATED (XNAS:VRTX),0.49%
V.F. CORPORATION (XNYS:VFC),-0.44%
VIATRIS INC. (XNAS:VTRS),0.66%
VICI PROPERTIES INC. (XNYS:VICI),0.26%
VISA INC. (XNYS:V),-0.84%
VULCAN MATERIALS COMPANY (XNYS:VMC),-0.01%
WESTINGHOUSE AIR BRAKE TECHNOLOGIES CORPORATION (XNYS:WAB),-0.46%
"WALGREENS BOOTS ALLIANCE, INC. (XNAS:WBA)",-0.35%
WALMART INC. (XNYS:WMT),0.72%
"WARNER BROS. DISCOVERY, INC. (XNAS:WBD)",0.57%
"WASTE MANAGEMENT, INC. (XNYS:WM)",0.76%
WATERS CORPORATION (XNYS:WAT),-0.48%
"WEC ENERGY GROUP, INC. (XNYS:WEC)",-0.18%
WALL FINANCIAL CORPORATION (XTSE:WFC),-0.45%
WELLTOWER INC. (XNYS:WELL),0.79%
"WEST PHARMACEUTICAL SERVICES, INC. (XNYS:WST)",-0.90%
WESTERN DIGITAL CORPORATION (XNAS:WDC),0.91%
WESTROCK COMPANY (XNYS:WRK),0.52%
WEYERHAEUSER COMPANY (XNYS:WY),1.35%
WHIRLPOOL CORPORATION (XNYS:WHR),0.18%
"THE WILLIAMS COMPANIES, INC. (XNYS:WMB)",-1.05%
Willis Towers Watson Public Limited Company (XNAS:WTW),-0.19%
"W.W. GRAINGER, INC. (XNYS:GWW)",-0.60%
"WYNN RESORTS, LIMITED (XNAS:WYNN)",-0.39%
Xcel Energy Inc. (XNAS:XEL),-0.10%
XYLEM INC. (XNYS:XYL),-0.44%
"YUM! BRANDS, INC. (XNYS:YUM)",0.15%
ZEBRA TECHNOLOGIES CORPORATION (XNAS:ZBRA),0.65%
"ZIMMER BIOMET HOLDINGS, INC. (XNYS:ZBH)",0.03%
"ZIONS BANCORPORATION, NATIONAL ASSOCIATION (XNAS:ZION)",3.98%
ZOETIS INC. (XNYS:ZTS),0.26%
